{"cameraMode":{"drawMode":0,"name":"Shaded","section":"Shading Mode"},"sceneLighting":false,"audioPlay":false,"sceneViewState":{"showFog":true,"showMaterialUpdate":false,"showSkybox":true,"showFlares":true,"showImageEffects":true,"showParticleSystems":true},"in2DMode":false,"pivot":{"x":4.76837158203125e-7,"y":1.6473795175552369,"z":0.0},"rotation":{"x":-0.03421275317668915,"y":-0.9333547949790955,"z":0.34525129199028017,"w":-0.09208624064922333},"size":10.949085235595704,"orthographic":false}